{"0": {"Nd": 8.866273019535292, "Pr": 2.231070711549094, "Ce": 6.17571754809757, "La": 7.793134366647368}, "1": {"Nd": 9.654971997649428, "Pr": 4.81524207837158, "Ce": 7.488506345299098, "La": 6.379186654721608}, "2": {"Nd": 5.884417120696965, "Pr": 8.074425182252902, "Ce": 8.162254358305635, "La": 7.945343515688725}}