{"0": {"Nd": 8.987077345272178, "Pr": 6.736153466691408, "Ce": 7.046515188068341, "La": 9.520481201852377}}