{"0": {"Nd": 6.319750529590406, "Pr": 6.746355773081345, "Ce": 5.2608549973111955, "La": 5.628862416916485}, "1": {"Nd": 7.711070277528719, "Pr": 9.970354372965636, "Ce": 6.591539095663375, "La": 9.27509412632956}, "2": {"Nd": 6.9078942642931525, "Pr": 4.635448504490647, "Ce": 6.371051054624269, "La": 7.955170440570537}}