{"rees": {"Nd": 7.182736046451416, "Pr": 7.722709974729518, "Ce": 8.219419949552652, "La": 8.346426290756535}, "design x": [0.2136183196438631, 0.05635474602744571, 0.21690585513365193, 1.8648231044008943, 3.3187368294223947, 5.276280815713449, 2.253775565337573, 0.4629938840175582, 7.0, 7.0, 4.0, 1.6585454223711307, 0.5368674856660764, 1.9659062713135314, 4.371320140886582, 0.5062647872849617, 1.9980573140715603, 0.15746975772190067, 7.0, 6.0, 3.0, 0.19863842244478633, 0.503479748738454, 0.3010799937390519, 2.4376074617141716, 3.6631955161329235, 2.522901461193723, 0.9063278379068602, 2.0, 4.0, 3.0], "recovery": {"Scrub-0": [0.035035277306470186, 0.02925605009764363], "Extraction-1": [0.2719300560073394], "Scrub-1": [1.672537372002247e-05], "Strip-1": [0.00028000293673148926], "Extraction-2": [0.9607958429868325], "Scrub-2": [0.00994810713511423], "Strip-2": [0.00047818950549571496]}, "purity": {"Scrub-0": 0.12122002665252311, "Extraction-1": 0.547935206527468, "Scrub-1": 2.3039380805291056e-05, "Strip-1": 0.9999999999999969, "Extraction-2": 0.3579139329282359, "Scrub-2": 0.00994071860153461, "Strip-2": 0.9999983015921878}, "objective": {"Scrub-0": [0.004246977248868854, 0.0035464191725839123], "Extraction-1": [0.14900005139940745], "Scrub-1": [3.8534225424640517e-10], "Strip-1": [0.0002800029367314884], "Extraction-2": [0.3438822189045171], "Scrub-2": [9.88913336480892e-05], "Strip-2": [0.0004781886933349231]}, "function value": 6.112789537531555, "constraints": {"purity": {"Scrub-0": 0, "Extraction-1": 2.18532396736266, "Scrub-1": 0, "Strip-1": 0, "Extraction-2": 3.13543033535882, "Scrub-2": 0, "Strip-2": 0}, "recovery": {"Scrub-0": 0, "Extraction-1": 2.640349719963303, "Scrub-1": 0, "Strip-1": 7.9971999706326855, "Extraction-2": 0, "Scrub-2": 0, "Strip-2": 7.995218104945043}}, "variable space": {"(HA)2(org)-0": 0, "H+ Extraction-0": 1, "H+ Scrub-0": 2, "H+ Strip-0": 3, "OA Extraction-0": 4, "OA Scrub-0": 5, "OA Strip-0": 6, "Recycle-0": 7, "Extraction-0": 8, "Scrub-0": 9, "Strip-0": 10, "H+ Extraction-1": 11, "H+ Scrub-1": 12, "H+ Strip-1": 13, "OA Extraction-1": 14, "OA Scrub-1": 15, "OA Strip-1": 16, "Recycle-1": 17, "Extraction-1": 18, "Scrub-1": 19, "Strip-1": 20, "H+ Extraction-2": 21, "H+ Scrub-2": 22, "H+ Strip-2": 23, "OA Extraction-2": 24, "OA Scrub-2": 25, "OA Strip-2": 26, "Recycle-2": 27, "Extraction-2": 28, "Scrub-2": 29, "Strip-2": 30}, "design": {"(HA)2(org)-0": 0.2136183196438631, "H+ Extraction-0": 0.05635474602744571, "H+ Scrub-0": 0.21690585513365193, "H+ Strip-0": 1.8648231044008943, "OA Extraction-0": 3.3187368294223947, "OA Scrub-0": 5.276280815713449, "OA Strip-0": 2.253775565337573, "Recycle-0": 0.4629938840175582, "Extraction-0": 7.0, "Scrub-0": 7.0, "Strip-0": 4.0, "H+ Extraction-1": 1.6585454223711307, "H+ Scrub-1": 0.5368674856660764, "H+ Strip-1": 1.9659062713135314, "OA Extraction-1": 4.371320140886582, "OA Scrub-1": 0.5062647872849617, "OA Strip-1": 1.9980573140715603, "Recycle-1": 0.15746975772190067, "Extraction-1": 7.0, "Scrub-1": 6.0, "Strip-1": 3.0, "H+ Extraction-2": 0.19863842244478633, "H+ Scrub-2": 0.503479748738454, "H+ Strip-2": 0.3010799937390519, "OA Extraction-2": 2.4376074617141716, "OA Scrub-2": 3.6631955161329235, "OA Strip-2": 2.522901461193723, "Recycle-2": 0.9063278379068602, "Extraction-2": 2.0, "Scrub-2": 4.0, "Strip-2": 3.0}}