{"rees": {"Nd": 8.866273019535292, "Pr": 2.231070711549094, "Ce": 6.17571754809757, "La": 7.793134366647368}, "design x": [0.23774506693024489, 1.9941314258642082, 0.0013576498870767231, 0.17606757121235, 5.120401157728689, 0.5340702535180926, 0.8428907422342065, 0.15046835453557206, 8.0, 2.0, 6.0, 0.21303195667306007, 1.9699606266735263, 1.8180741909222644, 0.8865129727118694, 0.5391045930890382, 5.411899837457824, 0.10903296112417105, 2.0, 8.0, 2.0], "recovery": {"Scrub-0": [5.313783633091893e-06, 5.628687112902725e-06], "Strip-0": [0.5688454388195568, 0.5714675110571228], "Extraction-2": [0.9865821654256247], "Scrub-2": [0.013411888934937584], "Strip-2": [5.839311556855942e-07]}, "purity": {"Scrub-0": 0.00019849675260968344, "Strip-0": 0.9999988766873863, "Extraction-2": 0.34751313601920497, "Scrub-2": 0.011782368022186624, "Strip-2": 0.9999999986293938}, "objective": {"Scrub-0": [1.0547687952392264e-09, 1.1172761133671656e-09], "Strip-0": [0.5688447998283002, 0.5714668691204593], "Extraction-2": [0.3428502622476769], "Scrub-2": [0.0001580238113041272], "Strip-2": [5.839311548852545e-07]}, "function value": 5.565821229125387, "constraints": {"purity": {"Scrub-0": 0, "Strip-0": 0, "Extraction-2": 3.187434319903975, "Scrub-2": 0, "Strip-2": 0}, "recovery": {"Scrub-0": 0, "Strip-0": 4.596870501233204, "Extraction-2": 0, "Scrub-2": 0, "Strip-2": 7.999994160688444}}, "variable space": {"(HA)2(org)-0": 0, "H+ Extraction-0": 1, "H+ Scrub-0": 2, "H+ Strip-0": 3, "OA Extraction-0": 4, "OA Scrub-0": 5, "OA Strip-0": 6, "Recycle-0": 7, "Extraction-0": 8, "Scrub-0": 9, "Strip-0": 10, "H+ Extraction-2": 11, "H+ Scrub-2": 12, "H+ Strip-2": 13, "OA Extraction-2": 14, "OA Scrub-2": 15, "OA Strip-2": 16, "Recycle-2": 17, "Extraction-2": 18, "Scrub-2": 19, "Strip-2": 20}, "design": {"(HA)2(org)-0": 0.23774506693024489, "H+ Extraction-0": 1.9941314258642082, "H+ Scrub-0": 0.0013576498870767231, "H+ Strip-0": 0.17606757121235, "OA Extraction-0": 5.120401157728689, "OA Scrub-0": 0.5340702535180926, "OA Strip-0": 0.8428907422342065, "Recycle-0": 0.15046835453557206, "Extraction-0": 8.0, "Scrub-0": 2.0, "Strip-0": 6.0, "H+ Extraction-2": 0.21303195667306007, "H+ Scrub-2": 1.9699606266735263, "H+ Strip-2": 1.8180741909222644, "OA Extraction-2": 0.8865129727118694, "OA Scrub-2": 0.5391045930890382, "OA Strip-2": 5.411899837457824, "Recycle-2": 0.10903296112417105, "Extraction-2": 2.0, "Scrub-2": 8.0, "Strip-2": 2.0}}