{"rees": {"Nd": 8.866273019535292, "Pr": 2.231070711549094, "Ce": 6.17571754809757, "La": 7.793134366647368}, "design x": [0.5933942621624855, 1.6594334004266917, 0.0044904818780109115, 1.99376105645745, 4.690915158313406, 4.665175820720194, 0.5069969180187086, 0.9945014926818131, 3.0, 8.0, 3.0], "recovery": {"Extraction-0": [0.9994392948254863, 0.9997465182966323], "Scrub-0": [0.0005607052567828403, 0.00025348176567577225], "Strip-0": [0.45838437090675566, 0.4667486815177928]}, "purity": {"Extraction-0": 0.5654349935046356, "Scrub-0": 0.005947315414548348, "Strip-0": 0.9999999999966793}, "objective": {"Extraction-0": [0.5651179511779264, 0.5652916660793383], "Scrub-0": [3.334691016682876e-06, 1.5075360123104526e-06], "Strip-0": [0.4583843709052335, 0.4667486815162429]}, "function value": 4.937134132092112, "constraints": {"purity": {"Extraction-0": 2.0978250324768224, "Scrub-0": 0, "Strip-0": 0}, "recovery": {"Extraction-0": 0, "Scrub-0": 0, "Strip-0": 6.748669475754516}}, "variable space": {"(HA)2(org)-0": 0, "H+ Extraction-0": 1, "H+ Scrub-0": 2, "H+ Strip-0": 3, "OA Extraction-0": 4, "OA Scrub-0": 5, "OA Strip-0": 6, "Recycle-0": 7, "Extraction-0": 8, "Scrub-0": 9, "Strip-0": 10}, "design": {"(HA)2(org)-0": 0.5933942621624855, "H+ Extraction-0": 1.6594334004266917, "H+ Scrub-0": 0.0044904818780109115, "H+ Strip-0": 1.99376105645745, "OA Extraction-0": 4.690915158313406, "OA Scrub-0": 4.665175820720194, "OA Strip-0": 0.5069969180187086, "Recycle-0": 0.9945014926818131, "Extraction-0": 3.0, "Scrub-0": 8.0, "Strip-0": 3.0}}