{"rees": {"Nd": 7.714081857065958, "Pr": 4.936736532250418}, "design x": [0.369934455973683, 1.9859480404102277, 0.1062353123496487, 1.913734417285022, 5.333486875275859, 5.297011712386499, 0.5735143278039385, 0.9989504172703254, 2.0, 8.0, 2.0], "recovery": {"Extraction-1": [0.9995249561780891], "Scrub-1": [0.0004750299242952124], "Strip-1": [0.27467506801416486]}, "purity": {"Extraction-1": 0.395798300621882, "Scrub-1": 0.0006829924688328478, "Strip-1": 0.999999983504416}, "objective": {"Extraction-1": [0.39561027908444873], "Scrub-1": [3.244418607638679e-07], "Strip-1": [0.2746750634832392]}, "function value": 4.434771741879246, "constraints": {"purity": {"Extraction-1": 2.94600849689059, "Scrub-1": 0, "Strip-1": 0}, "recovery": {"Extraction-1": 0, "Scrub-1": 0, "Strip-1": 5.253249319858352}}, "variable space": {"(HA)2(org)-0": 0, "H+ Extraction-1": 1, "H+ Scrub-1": 2, "H+ Strip-1": 3, "OA Extraction-1": 4, "OA Scrub-1": 5, "OA Strip-1": 6, "Recycle-1": 7, "Extraction-1": 8, "Scrub-1": 9, "Strip-1": 10}, "design": {"(HA)2(org)-0": 0.369934455973683, "H+ Extraction-1": 1.9859480404102277, "H+ Scrub-1": 0.1062353123496487, "H+ Strip-1": 1.913734417285022, "OA Extraction-1": 5.333486875275859, "OA Scrub-1": 5.297011712386499, "OA Strip-1": 0.5735143278039385, "Recycle-1": 0.9989504172703254, "Extraction-1": 2.0, "Scrub-1": 8.0, "Strip-1": 2.0}}