{"rees": {"Nd": 8.332102645120067, "Pr": 8.512723996872282, "Ce": 5.9512211760914715, "La": 9.012308287536797}, "design x": [0.45827422965071724, 0.08211922126855543, 1.7064892495204724, 0.7692985426391561, 2.3333535532130134, 3.6717538384652935, 1.8552334720134407, 0.802934235074856, 4.0, 7.0, 5.0, 0.9389742356361752, 0.1090449648827191, 0.3517851735274773, 1.162826832050646, 1.1308400505666167, 1.5304710638859107, 0.5908885875592104, 2.0, 7.0, 3.0], "recovery": {"Extraction-0": [0.9014096539295855, 0.9542800494317409], "Scrub-0": [0.09859034654910659, 0.04571995080114984], "Extraction-1": [0.00040312634942240064], "Scrub-1": [1.754627725831092e-06], "Strip-1": [0.3240463953209323]}, "purity": {"Extraction-0": 0.6648963816312801, "Scrub-0": 0.05296645322464713, "Extraction-1": 0.5299291674653095, "Scrub-1": 8.440792245940177e-06, "Strip-1": 0.9999999808232604}, "objective": {"Extraction-0": [0.5993440172652857, 0.6344973519300836], "Scrub-0": [0.005221980978895005, 0.002421623635542271], "Extraction-1": [0.00021362841073274222], "Scrub-1": [1.4810448102706728e-11], "Strip-1": [0.32404638910677896]}, "function value": 4.526131724665948, "constraints": {"purity": {"Extraction-0": 1.6005180918435995, "Scrub-0": 0, "Extraction-1": 2.2753541626734526, "Scrub-1": 0, "Strip-1": 0}, "recovery": {"Extraction-0": 0, "Scrub-0": 0, "Extraction-1": 3.9979843682528884, "Scrub-1": 0, "Strip-1": 4.759536046790677}}, "variable space": {"(HA)2(org)-0": 0, "H+ Extraction-0": 1, "H+ Scrub-0": 2, "H+ Strip-0": 3, "OA Extraction-0": 4, "OA Scrub-0": 5, "OA Strip-0": 6, "Recycle-0": 7, "Extraction-0": 8, "Scrub-0": 9, "Strip-0": 10, "H+ Extraction-1": 11, "H+ Scrub-1": 12, "H+ Strip-1": 13, "OA Extraction-1": 14, "OA Scrub-1": 15, "OA Strip-1": 16, "Recycle-1": 17, "Extraction-1": 18, "Scrub-1": 19, "Strip-1": 20}, "design": {"(HA)2(org)-0": 0.45827422965071724, "H+ Extraction-0": 0.08211922126855543, "H+ Scrub-0": 1.7064892495204724, "H+ Strip-0": 0.7692985426391561, "OA Extraction-0": 2.3333535532130134, "OA Scrub-0": 3.6717538384652935, "OA Strip-0": 1.8552334720134407, "Recycle-0": 0.802934235074856, "Extraction-0": 4.0, "Scrub-0": 7.0, "Strip-0": 5.0, "H+ Extraction-1": 0.9389742356361752, "H+ Scrub-1": 0.1090449648827191, "H+ Strip-1": 0.3517851735274773, "OA Extraction-1": 1.162826832050646, "OA Scrub-1": 1.1308400505666167, "OA Strip-1": 1.5304710638859107, "Recycle-1": 0.5908885875592104, "Extraction-1": 2.0, "Scrub-1": 7.0, "Strip-1": 3.0}}