{"rees": {"Ce": 8.332102645120067, "La": 9.070452498045174}, "design x": [0.596563868295106, 0.06891832431541249, 0.004281711225219883, 1.9430324045627774, 5.489238116748788, 0.5715860431063731, 0.5083981033602931, 0.9903179429842708, 6.0, 2.0, 6.0], "recovery": {"Extraction-2": [0.7367281424210195], "Scrub-2": [0.2578897311035907], "Strip-2": [0.3556352432846046]}, "purity": {"Extraction-2": 0.616226317537069, "Scrub-2": 0.04322161993921329, "Strip-2": 0.9984213800781816}, "objective": {"Extraction-2": [0.45399127023003016], "Scrub-2": [0.01114641194398531], "Strip-2": [0.3550738304046548]}, "function value": 3.7120433899710914, "constraints": {"purity": {"Extraction-2": 1.843868412314655, "Scrub-2": 0, "Strip-2": 0}, "recovery": {"Extraction-2": 0.31635928789490286, "Scrub-2": 0, "Strip-2": 4.443647567153954}}, "variable space": {"(HA)2(org)-0": 0, "H+ Extraction-2": 1, "H+ Scrub-2": 2, "H+ Strip-2": 3, "OA Extraction-2": 4, "OA Scrub-2": 5, "OA Strip-2": 6, "Recycle-2": 7, "Extraction-2": 8, "Scrub-2": 9, "Strip-2": 10}, "design": {"(HA)2(org)-0": 0.596563868295106, "H+ Extraction-2": 0.06891832431541249, "H+ Scrub-2": 0.004281711225219883, "H+ Strip-2": 1.9430324045627774, "OA Extraction-2": 5.489238116748788, "OA Scrub-2": 0.5715860431063731, "OA Strip-2": 0.5083981033602931, "Recycle-2": 0.9903179429842708, "Extraction-2": 6.0, "Scrub-2": 2.0, "Strip-2": 6.0}}